Player,Number of Pro-Bowls,Pro-Bowler
A.J. Bouye,1,Y
A.J. Duhe,1,Y
A.J. Green,7,Y
Aaron Donald,5,Y
Aaron Glenn,3,Y
Aaron Kampman,2,Y
Aaron Rodgers,7,Y
Aaron Schobel,2,Y
Aaron Smith,1,Y
Aaron Thomas,1,Y
Ab Wimberly,1,Y
Abe Gibron,4,Y
Abe Woodson,5,Y
Adalius Thomas,2,Y
Adam Jones,1,Y
Adam Thielen,2,Y
Adam Timmerman,1,Y
Adam Vinatieri,3,Y
Adewale Ogunleye,1,Y
Adrian Burk,2,Y
Adrian Peterson,7,Y
Adrian Phillips,1,Y
Adrian Wilson,5,Y
Aeneas Williams,8,Y
Ahmad Brooks,1,Y
Ahmad Rashad,4,Y
Ahman Green,4,Y
Akiem Hicks,1,Y
Al Baker,3,Y
Al Carapella,1,Y
Al DeRogatis,2,Y
Al Dorow,1,Y
Al Harris,2,Y
Al Smith,2,Y
Al Toon,3,Y
Al Wilson,5,Y
Al Wistert,1,Y
Alan Ameche,4,Y
Alan Faneca,9,Y
Alan Page,9,Y
Albert Haynesworth,2,Y
Albert Lewis,4,Y
Aldon Smith,1,Y
Aldrick Rosas,1,Y
Alejandro Villanueva,2,Y
Alex Bannister,1,Y
Alex Karras,4,Y
Alex Mack,6,Y
Alex Smith,3,Y
Alex Webster,2,Y
Alfred Jenkins,2,Y
Alfred Morris,2,Y
Alfred Williams,1,Y
Alge Crumpler,4,Y
Ali Haji-Sheikh,1,Y
Allan Ellis,1,Y
Allen Robinson,1,Y
Allen Rossum,1,Y
Alshon Jeffery,1,Y
Alterraun Verner,1,Y
Alvin Kamara,2,Y
Amari Cooper,3,Y
Andra Franklin,1,Y
Andre Carter,1,Y
Andre Gurode,5,Y
Andre Johnson,7,Y
Andre Reed,7,Y
Andre Rison,5,Y
Andre Roberts,1,Y
Andre Tippett,5,Y
Andrew Luck,4,Y
Andrew Whitworth,4,Y
Andrus Peat,1,Y
Andy Dalton,3,Y
Andy Lee,3,Y
Andy Livingston,1,Y
Andy Nelson,1,Y
Andy Robustelli,7,Y
Andy Russell,7,Y
Anquan Boldin,3,Y
Anthony Barr,4,Y
Anthony Carter,3,Y
Anthony Miller,5,Y
Anthony Munoz,11,Y
Anthony Sherman,1,Y
Anthony Spencer,1,Y
Antoine Bethea,3,Y
Antoine Winfield,3,Y
Antonio Brown,7,Y
Antonio Cromartie,4,Y
Antonio Freeman,1,Y
Antonio Gates,8,Y
Antonio Pierce,1,Y
Antonio Smith,1,Y
Antrel Rolle,3,Y
Aqib Talib,5,Y
Archie Manning,2,Y
Arian Foster,4,Y
Arnie Weinmeister,4,Y
Art Donovan,5,Y
Art Hunter,1,Y
Art Michalik,1,Y
Art Monk,3,Y
Art Shell,8,Y
Art Spinney,2,Y
Art Still,4,Y
Asante Samuel,4,Y
Ashley Ambrose,1,Y
Audray McMillian,1,Y
Austin Hooper,1,Y
B.J. Raji,1,Y
Barret Robbins,1,Y
Barry Foster,2,Y
Barry Sanders,10,Y
Bart Oates,5,Y
Bart Scott,1,Y
Bart Starr,4,Y
Ben Coates,5,Y
Ben Davis,1,Y
Ben Grubbs,2,Y
Ben McGee,2,Y
Ben Roethlisberger,6,Y
Ben Williams,1,Y
Benardrick McKinney,1,Y
Bennie Blades,1,Y
Bennie Thompson,2,Y
Bernie Casey,1,Y
Bernie Kosar,1,Y
Bernie Parrish,2,Y
Bert Jones,1,Y
Bert Rechichar,3,Y
Bertrand Berry,1,Y
Bill Anderson,2,Y
Bill Austin,1,Y
Bill Bates,1,Y
Bill Bergey,4,Y
Bill Bishop,1,Y
Bill Bradley,3,Y
Bill Brown,4,Y
Bill Curry,2,Y
Bill Dudley,2,Y
Bill Fischer,3,Y
Bill Forester,4,Y
Bill Fralic,4,Y
Bill George,8,Y
Bill Glass,4,Y
Bill Johnson,2,Y
Bill Kenney,1,Y
Bill Koman,2,Y
Bill Maas,2,Y
Bill McPeak,3,Y
Bill Nelsen,1,Y
Bill Romanowski,2,Y
Bill Stanfill,4,Y
Bill Stits,1,Y
Bill Svoboda,1,Y
Bill Thompson,3,Y
Bill Walsh,2,Y
Bill Wightkin,1,Y
Bill Willis,3,Y
Billy Cundiff,1,Y
Billy Grimes,2,Y
Billy Howton,4,Y
Billy Joe DuPree,3,Y
Billy Johnson,3,Y
Billy Kilmer,1,Y
Billy Ray Barnes,3,Y
Billy Sims,3,Y
Billy Stacy,1,Y
Billy Wade,2,Y
Billy Wells,1,Y
Billy Wilson,6,Y
Blaine Bishop,4,Y
Blaine Nye,2,Y
Blair Walsh,1,Y
Bo Jackson,1,Y
Bob Baumhower,5,Y
Bob Berry,1,Y
Bob Boyd,1,Y
Bob Breunig,3,Y
Bob Brown,6,Y
Bob DeMarco,3,Y
Bob Dove,1,Y
Bob Etter,1,Y
Bob Gain,5,Y
Bob Golic,3,Y
Bob Griese,6,Y
Bob Grim,1,Y
Bob Grupp,1,Y
Bob Hayes,3,Y
Bob Hoernschemeyer,2,Y
Bob Jeter,2,Y
Bob Khayat,1,Y
Bob Kuechenberg,6,Y
Bob Lilly,11,Y
Bob Reynolds,3,Y
Bob Sanders,2,Y
Bob Schnelker,2,Y
Bob Shaw,1,Y
Bob Skoronski,1,Y
Bob Smith,1,Y
Bob St. Clair,5,Y
Bob Swenson,1,Y
Bob Toneff,4,Y
Bob Trumpy,2,Y
Bob Vogel,5,Y
Bob Waterfield,2,Y
Bob Whitfield,1,Y
Bob Young,2,Y
Bobby Bell,3,Y
Bobby Boyd,2,Y
Bobby Bryant,2,Y
Bobby Dillon,4,Y
Bobby Hebert,1,Y
Bobby Humphrey,1,Y
Bobby Joe Conrad,1,Y
Bobby Joe Edmonds,1,Y
Bobby Joe Green,1,Y
Bobby Layne,6,Y
Bobby Mitchell,4,Y
Bobby Taylor,1,Y
Bobby Thomason,3,Y
Bobby Wagner,5,Y
Bobby Walden,1,Y
Bobby Walston,2,Y
Boomer Esiason,4,Y
Boyd Dowler,2,Y
Brad Benson,1,Y
Brad Ecklund,2,Y
Brad Edelman,1,Y
Brad Hopkins,2,Y
Brad Johnson,2,Y
Brad Van Pelt,5,Y
Brady Keys,1,Y
Branden Albert,2,Y
Brandon Brooks,2,Y
Brandon Browner,1,Y
Brandon Fields,1,Y
Brandon Flowers,1,Y
Brandon Lloyd,1,Y
Brandon Marshall,6,Y
Brandon Meriweather,2,Y
Brandon Moore,1,Y
Brandon Scherff,2,Y
Brandon Williams,1,Y
Braylon Edwards,1,Y
Brendon Ayanbadejo,3,Y
Brent Fullwood,1,Y
Brent Grimes,4,Y
Brent Jones,4,Y
Brett Favre,11,Y
Brett Keisel,1,Y
Brett Kern,2,Y
Brian Blades,1,Y
Brian Cushing,1,Y
Brian Dawkins,9,Y
Brian Griese,1,Y
Brian Hansen,1,Y
Brian Holloway,3,Y
Brian Jennings,2,Y
Brian Mitchell,1,Y
Brian Moorman,2,Y
Brian Orakpo,4,Y
Brian Sipe,1,Y
Brian Sochia,1,Y
Brian Urlacher,8,Y
Brian Waters,6,Y
Brian Westbrook,2,Y
Brock Marion,3,Y
Bruce Armstrong,6,Y
Bruce Bosley,4,Y
Bruce Clark,1,Y
Bruce Gossett,2,Y
Bruce Laird,1,Y
Bruce Matthews,14,Y
Bruce Smith,11,Y
Bruce Taylor,1,Y
Bruce Van Dyke,1,Y
Bruno Banducci,1,Y
Bryan Barker,1,Y
Bryan Cox,3,Y
Bryant McKinnie,1,Y
Bryant Young,4,Y
Bryce Paup,4,Y
Brynden Trawick,1,Y
Bubba Franks,3,Y
Bubba Smith,2,Y
Buck Buchanan,2,Y
Buck Lansford,1,Y
Bucko Kilroy,3,Y
Bud McFadin,2,Y
Budda Baker,1,Y
Buddy Dial,2,Y
Buddy Young,1,Y
Bulldog Turner,2,Y
Buzz Nutter,1,Y
Byron Chamberlain,1,Y
Byron Jones,1,Y
C.J. Anderson,1,Y
C.J. Mosley,4,Y
C.J. Spiller,1,Y
Calais Campbell,4,Y
Calvin Hill,4,Y
Calvin Johnson,6,Y
Cam Newton,3,Y
Cameron Heyward,2,Y
Cameron Jordan,4,Y
Cameron Wake,5,Y
Cannonball Butler,1,Y
Carl Banks,1,Y
Carl Birdsong,1,Y
Carl Ekern,1,Y
Carl Eller,6,Y
Carl Lee,3,Y
Carl Nicks,2,Y
Carl Pickens,2,Y
Carl Roaches,1,Y
Carlos Carson,2,Y
Carlos Dunlap,2,Y
Carlos Rogers,1,Y
Carlton Haselrig,1,Y
Carlton Massey,1,Y
Carlton Williamson,2,Y
Carnell Lake,5,Y
Carroll Dale,3,Y
Carson Palmer,3,Y
Carson Wentz,1,Y
Cary Blanchard,1,Y
Casey Hampton,5,Y
Casey Hayward,2,Y
Casey Kreiter,1,Y
Casey Wiegmann,1,Y
Cato June,1,Y
Cecil Turner,1,Y
Cedric Peerman,1,Y
Cedrick Hardman,2,Y
Chad Brown,3,Y
Chad Clifton,2,Y
Chad Greenway,2,Y
Chad Johnson,6,Y
Chad Lewis,3,Y
Champ Bailey,12,Y
Chandler Jones,2,Y
Charle Young,3,Y
Charles Haley,5,Y
Charles Leno,1,Y
Charles Mann,4,Y
Charles Tillman,2,Y
Charles White,1,Y
Charles Woodson,9,Y
Charley Johnson,1,Y
Charley Taylor,8,Y
Charley Trippi,2,Y
Charlie Ane,2,Y
Charlie Bradshaw,2,Y
Charlie Brown,2,Y
Charlie Conerly,2,Y
Charlie Cowan,3,Y
Charlie Garner,1,Y
Charlie Johnson,3,Y
Charlie Joiner,3,Y
Charlie Krueger,2,Y
Charlie Sanders,7,Y
Charlie Waters,3,Y
Chester Marcol,2,Y
Chester McGlockton,4,Y
Chick Jagade,2,Y
Chip Banks,4,Y
Chip Lohmiller,1,Y
Chip Myers,1,Y
Chris Boswell,1,Y
Chris Chambers,1,Y
Chris Chandler,2,Y
Chris Cooley,2,Y
Chris Doleman,8,Y
Chris Gardocki,1,Y
Chris Hanburger,9,Y
Chris Hanson,1,Y
Chris Harris,4,Y
Chris Hinton,7,Y
Chris Hope,1,Y
Chris Ivory,1,Y
Chris Johnson,3,Y
Chris McAlister,3,Y
Chris Miller,1,Y
Chris Myers,2,Y
Chris Samuels,6,Y
Chris Slade,1,Y
Chris Snee,4,Y
Chris Spielman,4,Y
Chris Warren,3,Y
Christian Okoye,2,Y
Chuck Bednarik,8,Y
Chuck Cecil,1,Y
Chuck Drazenovich,4,Y
Chuck Foreman,5,Y
Chuck Howley,6,Y
Chuck Muncie,3,Y
Chuck Walker,1,Y
Clarence Scott,1,Y
Clarence Verdin,2,Y
Clark Harris,1,Y
Claude Humphrey,6,Y
Clay Matthews,10,Y
Clayton Tonnemaker,1,Y
Clendon Thomas,1,Y
Cleveland Elam,2,Y
Cliff Avril,1,Y
Cliff Branch,4,Y
Cliff Harris,6,Y
Clifton McNeil,1,Y
Clifton Smith,1,Y
Clinton Portis,2,Y
Cloyce Box,2,Y
Clyde Simmons,2,Y
Cody Jones,1,Y
Cody Parkey,1,Y
Cody Risien,2,Y
Cody Whitehair,1,Y
Connor Barwin,1,Y
Conrad Dobler,3,Y
Cordarrelle Patterson,2,Y
Corey Chavous,1,Y
Corey Dillon,4,Y
Corey Graham,1,Y
Corey Simon,1,Y
Cornelius Bennett,5,Y
Cornell Green,5,Y
Cortez Kennedy,8,Y
Cortland Finnegan,1,Y
Cory Littleton,1,Y
Coy Bacon,3,Y
Craig Hentrich,2,Y
Craig Heyward,1,Y
Craig James,1,Y
Cris Carter,8,Y
Cris Collinsworth,3,Y
Cris Dishman,2,Y
Curley Culp,5,Y
Curt Knight,1,Y
Curt Warner,3,Y
Curtis Duncan,1,Y
Curtis Martin,5,Y
D'Brickashaw Ferguson,3,Y
D'Qwell Jackson,1,Y
D.J. Alexander,1,Y
Dak Prescott,2,Y
Dale Carter,4,Y
Dale Dodrill,4,Y
Dale Hatcher,1,Y
Dale Meinert,3,Y
Dallas Clark,1,Y
Dalton Hilliard,1,Y
Damien Woody,1,Y
Dan Bailey,1,Y
Dan Carpenter,1,Y
Dan Currie,1,Y
Dan Dierdorf,6,Y
Dan Edwards,1,Y
Dan Fouts,6,Y
Dan Hampton,4,Y
Dan Koppen,1,Y
Dan Marino,9,Y
Dan Morgan,1,Y
Dan Pastorini,1,Y
Dan Ross,1,Y
Dan Saleaumua,1,Y
Dan Towler,4,Y
Dana Stubblefield,3,Y
Danielle Hunter,1,Y
Danny White,1,Y
Dante Hall,2,Y
Dante Lavelli,3,Y
Darian Stewart,1,Y
Darius Slay,2,Y
Darnell Dockett,3,Y
Darrell Dess,2,Y
Darrell Green,7,Y
Darrell Russell,2,Y
Darrell Stuckey,1,Y
Darrelle Revis,7,Y
Darren Bennett,2,Y
Darren Sharper,5,Y
Darren Sproles,3,Y
Darren Woodson,5,Y
Darris McCord,1,Y
Darryl Talley,2,Y
Darryl Williams,1,Y
Darryll Lewis,1,Y
Daryl Johnston,2,Y
Daryl Washington,1,Y
Daryle Lamonica,2,Y
Dashon Goldson,2,Y
Daunte Culpepper,3,Y
Davante Adams,2,Y
Dave Baker,1,Y
Dave Brown,1,Y
Dave Butz,1,Y
Dave Casper,5,Y
Dave Chapple,1,Y
Dave Dalby,1,Y
Dave Duerson,4,Y
Dave Foley,1,Y
Dave Hanner,2,Y
Dave Jennings,4,Y
Dave Krieg,3,Y
Dave Lewis,1,Y
Dave Lloyd,1,Y
Dave Manders,1,Y
Dave Meggett,2,Y
Dave Moore,1,Y
Dave Osborn,1,Y
Dave Parks,3,Y
Dave Pear,1,Y
Dave Robinson,3,Y
Dave Rowe,1,Y
Dave Washington,1,Y
Dave Waymer,1,Y
Dave Whitsell,1,Y
Dave Wilcox,7,Y
David Akers,6,Y
David Bakhtiari,1,Y
David Binn,1,Y
David Boston,1,Y
David DeCastro,4,Y
David Diehl,1,Y
David Fulcher,3,Y
David Garrard,1,Y
David Hill,2,Y
David Johnson,1,Y
David Little,1,Y
David Sloan,1,Y
David Treadwell,1,Y
David Tyree,1,Y
Davin Joseph,2,Y
DeAndre Hopkins,3,Y
DeAngelo Hall,3,Y
DeAngelo Williams,1,Y
DeForest Buckner,1,Y
DeMarco Murray,3,Y
DeMarcus Lawrence,2,Y
DeMarcus Ware,9,Y
DeMeco Ryans,2,Y
DeSean Jackson,3,Y
Deacon Jones,8,Y
Dean Biasucci,1,Y
Dean Derby,1,Y
Dee Ford,1,Y
Deion Jones,1,Y
Deion Sanders,8,Y
Del Shofner,5,Y
Delanie Walker,3,Y
Deltha O'Neal,2,Y
Delvin Williams,2,Y
Demaryius Thomas,4,Y
Dennis Harrah,6,Y
Dennis Harrison,1,Y
Dennis Smith,6,Y
Denzel Ward,1,Y
Deral Teteak,1,Y
Derek Anderson,1,Y
Derek Carr,3,Y
Dermontti Dawson,7,Y
Deron Cherry,6,Y
Derrick Brooks,11,Y
Derrick Burgess,2,Y
Derrick Johnson,4,Y
Derrick Mason,2,Y
Derrick Thomas,9,Y
Derwin James,1,Y
Deshaun Watson,1,Y
Desmond Howard,1,Y
Desmond Trufant,1,Y
Detron Smith,1,Y
Deuce McAllister,2,Y
Devin Hester,4,Y
Devin McCourty,2,Y
Devonta Freeman,2,Y
Dexter Coakley,3,Y
Dexter Manley,1,Y
Dexter McCluster,1,Y
Dez Bryant,3,Y
Dick Alban,1,Y
Dick Anderson,3,Y
Dick Barwegen,4,Y
Dick Bass,3,Y
Dick Bielski,1,Y
Dick Butkus,8,Y
Dick Daugherty,1,Y
Dick Gordon,2,Y
Dick Hoak,1,Y
Dick Hoerner,1,Y
Dick Huffman,1,Y
Dick James,1,Y
Dick Jauron,1,Y
Dick LeBeau,3,Y
Dick Lynch,1,Y
Dick Modzelewski,1,Y
Dick Schafrath,6,Y
Dick Stanfel,5,Y
Dick Szymanski,3,Y
Dick Wildung,1,Y
Dicky Moegle,1,Y
Dino Hackett,1,Y
Diron Talbert,1,Y
Doak Walker,5,Y
Dominique Rodgers-Cromartie,2,Y
Don Bishop,1,Y
Don Bosseler,1,Y
Don Brumm,1,Y
Don Chandler,1,Y
Don Colo,3,Y
Don Doll,4,Y
Don Joyce,1,Y
Don Kindt,1,Y
Don Majkowski,1,Y
Don Meredith,3,Y
Don Mosebar,3,Y
Don Muhlbach,2,Y
Don Paul,7,Y
Don Perkins,6,Y
Donald Driver,3,Y
Donald Penn,3,Y
Donnell Woolford,1,Y
Donnie Abraham,1,Y
Donnie Edwards,1,Y
Donnie Shell,5,Y
Donny Anderson,1,Y
Donovan McNabb,6,Y
Dont'a Hightower,1,Y
Dontari Poe,2,Y
Donte Whitner,2,Y
Dorsey Levens,1,Y
Doug Atkins,8,Y
Doug Baldwin,2,Y
Doug Betters,1,Y
Doug Cosbie,3,Y
Doug Dieken,1,Y
Doug English,4,Y
Doug Flutie,1,Y
Doug France,2,Y
Doug Martin,2,Y
Doug Smith,6,Y
Doug Wilkerson,3,Y
Dre' Bly,2,Y
Drew Bledsoe,4,Y
Drew Brees,12,Y
Drew Hill,2,Y
Drew Pearson,3,Y
Duane Bickett,1,Y
Duane Brown,4,Y
Duane Putnam,5,Y
Dub Jones,2,Y
Dustin Colquitt,2,Y
Duval Love,1,Y
Dwayne Bowe,1,Y
Dwayne Carswell,1,Y
Dwayne Harris,1,Y
Dwight Clark,2,Y
Dwight Freeney,7,Y
Dwight Hicks,4,Y
Dwight Stephenson,5,Y
Dwight White,2,Y
E.J. Henderson,1,Y
E.J. Junior,2,Y
Earl Campbell,5,Y
Earl Morrall,2,Y
Earl Thomas,6,Y
Earnest Byner,2,Y
Earnest Jackson,2,Y
Ed Brown,2,Y
Ed Budde,2,Y
Ed Flanagan,4,Y
Ed Henke,1,Y
Ed McCaffrey,1,Y
Ed McDaniel,1,Y
Ed Neal,1,Y
Ed Newman,4,Y
Ed Reed,9,Y
Ed Sprinkle,4,Y
Ed White,4,Y
Eddie Brown,3,Y
Eddie Dove,1,Y
Eddie Drummond,1,Y
Eddie George,4,Y
Eddie Jackson,1,Y
Eddie Lacy,1,Y
Eddie LeBaron,4,Y
Eddie Meador,6,Y
Eddie Murray,2,Y
Eddie Price,3,Y
Edgerrin James,4,Y
Efren Herrera,1,Y
Elbert Shelley,4,Y
Elbie Nickel,3,Y
Eli Manning,4,Y
Elmer Angsman,1,Y
Elmer Collett,1,Y
Elroy Hirsch,3,Y
Elvin Bethea,7,Y
Elvis Dumervil,5,Y
Elvis Grbac,1,Y
Emlen Tunnell,9,Y
Emmanuel Sanders,2,Y
Emmitt Smith,8,Y
Emmitt Thomas,4,Y
Eric Allen,6,Y
Eric Berry,5,Y
Eric Davis,2,Y
Eric Dickerson,6,Y
Eric Ebron,1,Y
Eric Fisher,1,Y
Eric Green,2,Y
Eric Martin,1,Y
Eric Metcalf,3,Y
Eric Moulds,3,Y
Eric Reid,1,Y
Eric Swann,2,Y
Eric Thomas,1,Y
Eric Turner,2,Y
Eric Weddle,6,Y
Eric Weems,1,Y
Eric Wood,1,Y
Eric Wright,2,Y
Erich Barnes,6,Y
Erik Howard,1,Y
Erik McMillan,2,Y
Erik Williams,4,Y
Ernest Givins,2,Y
Ernie Green,2,Y
Ernie Kellermann,1,Y
Ernie Koy,1,Y
Ernie McMillan,4,Y
Ernie Stautner,9,Y
Ethan Albright,1,Y
Ethan Horton,1,Y
Eugene Robinson,3,Y
Evan Mathis,2,Y
Everson Griffen,3,Y
Everson Walls,4,Y
Ezekiel Ansah,1,Y
Ezekiel Elliott,2,Y
Ezra Johnson,1,Y
Ferrell Edmunds,2,Y
Fletcher Cox,4,Y
Floyd Little,3,Y
Floyd Peters,3,Y
Flozell Adams,5,Y
Forrest Blue,4,Y
Forrest Gregg,9,Y
Fran Polsfoot,1,Y
Fran Rogel,1,Y
Fran Tarkenton,9,Y
Franco Harris,9,Y
Frank Corral,1,Y
Frank Fuller,1,Y
Frank Gatski,1,Y
Frank Gifford,8,Y
Frank Gore,5,Y
Frank LeMaster,1,Y
Frank Lewis,1,Y
Frank Minnifield,4,Y
Frank Ryan,3,Y
Frank Varrichione,5,Y
Frank Winters,1,Y
Frank Wycheck,3,Y
Frankie Albert,1,Y
Fred Barnett,1,Y
Fred Beasley,1,Y
Fred Biletnikoff,4,Y
Fred Carr,3,Y
Fred Cox,1,Y
Fred Davis,1,Y
Fred Dean,4,Y
Fred Dryer,1,Y
Fred Hoaglin,1,Y
Fred Marion,1,Y
Fred McAfee,1,Y
Fred Miller,3,Y
Fred Morrison,1,Y
Fred Quillan,2,Y
Fred Smerlas,5,Y
Fred Taylor,1,Y
Fred Wallner,1,Y
Fred Williams,4,Y
Fredd Young,4,Y
Freeman McNeil,3,Y
Fuad Reveiz,1,Y
Gail Cogdill,3,Y
Gale Gillingham,5,Y
Gale Sayers,4,Y
Galen Fiss,2,Y
Garo Yepremian,2,Y
Garrison Hearst,2,Y
Gary Anderson,5,Y
Gary Ballman,2,Y
Gary Barbaro,3,Y
Gary Barnidge,1,Y
Gary Clark,4,Y
Gary Collins,2,Y
Gary Fencik,2,Y
Gary Garrison,3,Y
Gary Green,4,Y
Gary Johnson,4,Y
Gary Larsen,2,Y
Gary Stills,1,Y
Gary Walker,2,Y
Gary Zimmerman,7,Y
Gaston Green,1,Y
Gene Brito,5,Y
Gene Hickerson,6,Y
Gene Lipscomb,3,Y
Gene Roberts,1,Y
Gene Schroeder,1,Y
Gene Upshaw,6,Y
Gene Washington,6,Y
Geno Atkins,7,Y
George Andrie,5,Y
George Connor,4,Y
George Hughes,2,Y
George Kittle,1,Y
George Kunz,8,Y
George Rogers,2,Y
George Taliaferro,3,Y
Gerald McCoy,6,Y
Gerald McNeil,1,Y
Gerald Riggs,3,Y
Gern Nagler,1,Y
Gill Byrd,2,Y
Gino Marchetti,11,Y
Glen Edwards,2,Y
Glenn Davis,1,Y
Glover Quin,1,Y
Glyn Milburn,2,Y
Golden Tate,1,Y
Gordie Soltau,3,Y
Grady Alderman,6,Y
Graham Gano,1,Y
Greg Bell,1,Y
Greg Brezina,1,Y
Greg Ellis,1,Y
Greg Hardy,1,Y
Greg Jennings,2,Y
Greg Kragen,1,Y
Greg Landry,1,Y
Greg Larson,1,Y
Greg Lloyd,5,Y
Greg Montgomery,1,Y
Greg Olsen,3,Y
Greg Pruitt,5,Y
Greg Stemrick,1,Y
Greg Townsend,2,Y
Greg Zuerlein,1,Y
Gus Frerotte,1,Y
Guy McIntyre,5,Y
Ha Ha Clinton-Dix,1,Y
Haloti Ngata,5,Y
Hanford Dixon,3,Y
Hanik Milligan,1,Y
Hardy Brown,1,Y
Hardy Nickerson,5,Y
Harley Sewell,4,Y
Harlon Hill,3,Y
Harold Carmichael,4,Y
Harold Green,1,Y
Harold Jackson,5,Y
Harris Barton,1,Y
Harrison Smith,4,Y
Harry Carson,9,Y
Harry Gilmer,2,Y
Harry Schuh,1,Y
Harry Ulinski,1,Y
Harvey Martin,4,Y
Haven Moses,1,Y
Haywood Jeffires,3,Y
Heath Farwell,1,Y
Heath Miller,2,Y
Henry Childs,1,Y
Henry Ellard,3,Y
Henry Jones,1,Y
Henry Jordan,4,Y
Henry Lawrence,2,Y
Henry Melton,1,Y
Henry Thomas,2,Y
Herb Adderley,5,Y
Herb Mul-Key,1,Y
Herbert Scott,3,Y
Herman Moore,4,Y
Herschel Walker,2,Y
Hewritt Dixon,1,Y
Hines Ward,4,Y
Hoby Brenner,1,Y
Homer Jones,2,Y
Horace Gillom,1,Y
Howard Ballard,2,Y
Howard Mudd,3,Y
Howie Ferguson,1,Y
Howie Long,8,Y
Hugh Douglas,3,Y
Hugh Green,2,Y
Hugh McElhenny,6,Y
Hugh Taylor,2,Y
Ian Gold,1,Y
Ike Reese,1,Y
Irv Cross,2,Y
Irv Goode,2,Y
Irving Fryar,5,Y
Isaac Bruce,4,Y
Isaac Curtis,4,Y
Isiah Robertson,6,Y
J.C. Caroline,1,Y
J.D. Hill,1,Y
J.D. Smith,3,Y
J.J. Jansen,1,Y
J.J. Watt,5,Y
J.T. Smith,2,Y
J.T. Thomas,1,Y
Jack Butler,4,Y
Jack Christiansen,5,Y
Jack Del Rio,1,Y
Jack Doyle,1,Y
Jack Gregory,2,Y
Jack Ham,8,Y
Jack Lambert,9,Y
Jack McClairen,1,Y
Jack Pardee,1,Y
Jack Reynolds,2,Y
Jack Rudnay,4,Y
Jack Simmons,1,Y
Jack Snow,1,Y
Jack Stroud,3,Y
Jack Tatum,3,Y
Jack Youngblood,7,Y
Jackie Slater,7,Y
Jackie Smith,5,Y
Jacob Green,2,Y
Jacoby Jones,1,Y
Jadeveon Clowney,3,Y
Jahri Evans,6,Y
Jairus Byrd,3,Y
Jake Delhomme,1,Y
Jake Kupp,1,Y
Jake Long,4,Y
Jake Matthews,1,Y
Jake McQuaide,2,Y
Jake Plummer,1,Y
Jake Scott,5,Y
Jalen Ramsey,2,Y
Jamaal Charles,4,Y
Jamal Adams,1,Y
Jamal Anderson,1,Y
Jamal Lewis,1,Y
Jamal Williams,3,Y
Jameis Winston,1,Y
James Brooks,4,Y
James Conner,1,Y
James Develin,1,Y
James Farrior,2,Y
James Harris,1,Y
James Harrison,5,Y
James Hasty,2,Y
James Lofton,8,Y
James Wilder,1,Y
James Williams,1,Y
Jamie Collins,1,Y
Jamir Miller,1,Y
Jammal Brown,2,Y
Jan Stenerud,4,Y
Janoris Jenkins,1,Y
Jared Allen,5,Y
Jared Cook,1,Y
Jared Goff,2,Y
Jarvis Landry,4,Y
Jason Babin,2,Y
Jason Elam,3,Y
Jason Gildon,3,Y
Jason Hanson,2,Y
Jason Hatcher,1,Y
Jason Kelce,2,Y
Jason Myers,1,Y
Jason Peters,9,Y
Jason Pierre-Paul,2,Y
Jason Taylor,6,Y
Jason Verrett,1,Y
Jason Witten,11,Y
Javon Walker,1,Y
Jay Ajayi,1,Y
Jay Cutler,1,Y
Jay Hilgenberg,7,Y
Jay Novacek,5,Y
Jay Ratliff,4,Y
Jay Schroeder,1,Y
Jean Fugett,1,Y
Jeff Blake,1,Y
Jeff Bostic,1,Y
Jeff Christy,3,Y
Jeff Cross,1,Y
Jeff Feagles,2,Y
Jeff Garcia,4,Y
Jeff Gossett,1,Y
Jeff Hartings,2,Y
Jeff Hostetler,1,Y
Jeff Jaeger,1,Y
Jeff Saturday,6,Y
Jeff Siemon,4,Y
Jeff Van Note,6,Y
Jeff Wilkins,1,Y
Jeremiah Trotter,4,Y
Jeremy Newberry,2,Y
Jeremy Shockey,4,Y
Jeremy Zuttah,1,Y
Jermaine Gresham,2,Y
Jermaine Lewis,2,Y
Jermane Mayberry,1,Y
Jermon Bushrod,2,Y
Jerod Mayo,2,Y
Jerome Barkum,1,Y
Jerome Bettis,6,Y
Jerome Brown,2,Y
Jerome Felton,1,Y
Jerome Mathis,1,Y
Jerome Woods,1,Y
Jerrel Wilson,3,Y
Jerry Azumah,1,Y
Jerry Ball,3,Y
Jerry Butler,1,Y
Jerry Gray,4,Y
Jerry Groom,1,Y
Jerry Kramer,3,Y
Jerry Logan,3,Y
Jerry Mays,1,Y
Jerry Mertens,1,Y
Jerry Norton,5,Y
Jerry Reichow,1,Y
Jerry Rice,13,Y
Jerry Robinson,1,Y
Jerry Sherk,4,Y
Jerry Shipkey,3,Y
Jerry Sisemore,2,Y
Jerry Smith,2,Y
Jerry Stovall,3,Y
Jerry Tubbs,1,Y
Jess Richardson,1,Y
Jesse Sapolu,2,Y
Jesse Whittenton,2,Y
Jessie Armstead,5,Y
Jessie Tuggle,5,Y
Jevon Kearse,3,Y
Jim Arnold,2,Y
Jim Bakken,4,Y
Jim Bertelsen,1,Y
Jim Brown,9,Y
Jim Burt,1,Y
Jim Carter,1,Y
Jim Cason,2,Y
Jim Collins,1,Y
Jim David,6,Y
Jim Doran,1,Y
Jim Everett,1,Y
Jim Finks,1,Y
Jim Gibbons,3,Y
Jim Harbaugh,1,Y
Jim Hardy,1,Y
Jim Hart,4,Y
Jim Houston,4,Y
Jim Katcavage,3,Y
Jim Kelly,5,Y
Jim Lachey,3,Y
Jim Langer,6,Y
Jim LeClair,1,Y
Jim Marsalis,1,Y
Jim Marshall,2,Y
Jim Martin,1,Y
Jim McMahon,1,Y
Jim Mitchell,2,Y
Jim Mutscheller,1,Y
Jim Otis,1,Y
Jim Otto,3,Y
Jim Parker,8,Y
Jim Podoley,1,Y
Jim Ray Smith,5,Y
Jim Ringo,10,Y
Jim Ritcher,2,Y
Jim Schrader,3,Y
Jim Schwantz,1,Y
Jim Taylor,5,Y
Jim Tyrer,2,Y
Jim Weatherall,2,Y
Jim Winkler,1,Y
Jim Youngblood,1,Y
Jimbo Covert,2,Y
Jimmie Giles,4,Y
Jimmy Graham,5,Y
Jimmy Hill,3,Y
Jimmy Johnson,5,Y
Jimmy Orr,2,Y
Jimmy Patton,5,Y
Jimmy Smith,5,Y
Joe Carollo,1,Y
Joe Cribbs,3,Y
Joe DeLamielleure,6,Y
Joe Delaney,1,Y
Joe Fields,2,Y
Joe Fortunato,5,Y
Joe Geri,2,Y
Joe Greene,10,Y
Joe Haden,2,Y
Joe Horn,4,Y
Joe Jacoby,4,Y
Joe Johnson,2,Y
Joe Kapp,1,Y
Joe Klecko,4,Y
Joe Krupa,1,Y
Joe Lavender,2,Y
Joe Marconi,1,Y
Joe Montana,8,Y
Joe Morris,2,Y
Joe Namath,1,Y
Joe Nash,1,Y
Joe Perry,3,Y
Joe Robb,1,Y
Joe Rutgens,2,Y
Joe Schmidt,10,Y
Joe Schobert,1,Y
Joe Scibelli,1,Y
Joe Scudero,1,Y
Joe Senser,1,Y
Joe Staley,6,Y
Joe Theismann,2,Y
Joe Thomas,10,Y
Joe Washington,1,Y
Joel Bitonio,1,Y
Joel Hilgenberg,1,Y
Joel Steed,1,Y
Joey Bosa,1,Y
Joey Browner,6,Y
Joey Porter,4,Y
John Abraham,5,Y
John Alt,2,Y
John Brockington,3,Y
John Brodie,2,Y
John Cannady,2,Y
John Carney,2,Y
John Carson,1,Y
John David Crow,4,Y
John Denney,2,Y
John Dottley,1,Y
John Dutton,3,Y
John Elliott,1,Y
John Elway,9,Y
John Gilliam,4,Y
John Gordy,3,Y
John Green,1,Y
John Grimsley,1,Y
John Hadl,2,Y
John Hannah,9,Y
John Henderson,2,Y
John Henry Johnson,4,Y
John Henry Mills,1,Y
John Hock,1,Y
John Hoffman,2,Y
John James,3,Y
John Jefferson,4,Y
John Kasay,1,Y
John Kuhn,3,Y
John LoVetere,1,Y
John Lynch,9,Y
John Mackey,5,Y
John Martinkovic,3,Y
John Morrow,2,Y
John Niland,6,Y
John Nisby,3,Y
John Offerdahl,5,Y
John Paluck,1,Y
John Randle,7,Y
John Reger,3,Y
John Riggins,1,Y
John Settle,1,Y
John Smith,1,Y
John Stallworth,3,Y
John Stephens,1,Y
John Taylor,2,Y
John Thomas,1,Y
John Williams,2,Y
John Wooten,2,Y
John Wozniak,1,Y
John Zook,1,Y
Johnathan Joseph,2,Y
Johnny Bailey,1,Y
Johnny Brewer,1,Y
Johnny Hekker,4,Y
Johnny Johnson,1,Y
Johnny Knox,1,Y
Johnny Lattner,1,Y
Johnny Lujack,2,Y
Johnny Morris,1,Y
Johnny Olszewski,2,Y
Johnny Rembert,2,Y
Johnny Robinson,1,Y
Johnny Roland,2,Y
Johnny Strzykalski,1,Y
Johnny Unitas,10,Y
Johnny Williams,1,Y
Jon Arnett,5,Y
Jon Baker,2,Y
Jon Beason,3,Y
Jon Condo,2,Y
Jon Dorenbos,2,Y
Jon Morris,1,Y
Jon Runyan,1,Y
Jon Stinchcomb,1,Y
Jon Weeks,1,Y
Jonathan Goodwin,1,Y
Jonathan Ogden,11,Y
Jonathan Stewart,1,Y
Jonathan Vilma,3,Y
Jordan Cameron,1,Y
Jordan Gross,3,Y
Jordan Howard,1,Y
Jordan Reed,1,Y
Jordy Nelson,1,Y
Joseph Addai,1,Y
Josh Bidwell,1,Y
Josh Brown,1,Y
Josh Cribbs,3,Y
Josh Gordon,1,Y
Josh Norman,1,Y
Josh Sitton,4,Y
JuJu Smith-Schuster,1,Y
Julian Peterson,5,Y
Julio Jones,6,Y
Julius Adams,1,Y
Julius Peppers,9,Y
Julius Thomas,2,Y
Jumbo Elliott,1,Y
Junior Miller,2,Y
Junior Seau,12,Y
Jurrell Casey,4,Y
Justin Bethel,3,Y
Justin Forsett,1,Y
Justin Houston,4,Y
Justin Miller,1,Y
Justin Smith,5,Y
Justin Tuck,2,Y
Justin Tucker,2,Y
K.J. Wright,1,Y
Kabeer Gbaja-Biamila,1,Y
Kam Chancellor,4,Y
Kareem Hunt,1,Y
Karl Kassulke,1,Y
Karl Mecklenburg,6,Y
Kassim Osgood,3,Y
Kawann Short,2,Y
Keanu Neal,1,Y
Keena Turner,1,Y
Keenan Allen,2,Y
Keenan McCardell,2,Y
Keith Bishop,2,Y
Keith Bostic,1,Y
Keith Brooking,5,Y
Keith Bulluck,1,Y
Keith Byars,1,Y
Keith Dorney,1,Y
Keith Fahnhorst,1,Y
Keith Jackson,5,Y
Keith Millard,2,Y
Keith Mitchell,1,Y
Keith Sims,3,Y
Kelechi Osemele,2,Y
Kellen Winslow,6,Y
Ken Anderson,4,Y
Ken Burrough,2,Y
Ken Carpenter,1,Y
Ken Dilger,1,Y
Ken Ellis,2,Y
Ken Farragut,1,Y
Ken Gray,6,Y
Ken Hamlin,1,Y
Ken Harvey,4,Y
Ken Houston,10,Y
Ken Konz,1,Y
Ken Norton,3,Y
Ken O'Brien,2,Y
Ken Panfil,1,Y
Ken Reaves,1,Y
Ken Stabler,4,Y
Ken Willard,4,Y
Kendall Gammon,1,Y
Kendrell Bell,1,Y
Kenny Easley,5,Y
Kenny King,1,Y
Kent Hill,5,Y
Kent Hull,3,Y
Kermit Alexander,1,Y
Kerry Collins,2,Y
Kevin Byard,1,Y
Kevin Carter,2,Y
Kevin Glover,3,Y
Kevin Gogan,3,Y
Kevin Greene,5,Y
Kevin Hardy,1,Y
Kevin Huber,1,Y
Kevin Mack,2,Y
Kevin Mawae,8,Y
Kevin Ross,2,Y
Kevin Williams,6,Y
Keyshawn Johnson,3,Y
Khalil Mack,4,Y
Kim Bokamper,1,Y
Kimble Anders,3,Y
Kirk Cousins,1,Y
Kline Gilbert,1,Y
Kordell Stewart,1,Y
Koren Robinson,1,Y
Korey Stringer,1,Y
Kris Dielman,4,Y
Kris Jenkins,4,Y
Kurt Warner,4,Y
Kwon Alexander,1,Y
Kyle Fuller,1,Y
Kyle Juszczyk,3,Y
Kyle Long,3,Y
Kyle Rote,4,Y
Kyle Rudolph,2,Y
Kyle Vanden Bosch,3,Y
Kyle Williams,6,Y
L.C. Greenwood,6,Y
L.P. Ladouceur,1,Y
La'Roi Glover,6,Y
LaDainian Tomlinson,5,Y
LaMarr Woodley,1,Y
LaRon Landry,1,Y
LaVar Arrington,3,Y
LaVern Torgeson,3,Y
Lamar Lathon,1,Y
Lamar Lundy,1,Y
Lamar Miller,1,Y
Lance Briggs,7,Y
Lance Mehl,1,Y
Lance Schulters,1,Y
Landon Collins,3,Y
Lane Johnson,2,Y
Larry Allen,11,Y
Larry Brink,2,Y
Larry Brooks,5,Y
Larry Brown,5,Y
Larry Centers,3,Y
Larry Csonka,5,Y
Larry Fitzgerald,11,Y
Larry Izzo,3,Y
Larry Johnson,2,Y
Larry Little,4,Y
Larry McCarren,2,Y
Larry Stallings,1,Y
Larry Strickland,1,Y
Larry Warford,2,Y
Larry Whigham,2,Y
Larry Wilson,8,Y
Latavius Murray,1,Y
Laurie Niemi,2,Y
Laveranues Coles,1,Y
Lavonte David,1,Y
Lawrence McCutcheon,5,Y
Lawrence Taylor,10,Y
Lawrence Timmons,1,Y
Lawyer Milloy,4,Y
Le'Ron McClain,2,Y
Le'Veon Bell,3,Y
LeCharles Bentley,2,Y
LeRoy Butler,4,Y
LeRoy Irvin,2,Y
LeSean McCoy,6,Y
Lee Folkins,1,Y
Lee Roy Caffey,1,Y
Lee Roy Jordan,5,Y
Lee Roy Selmon,6,Y
Lee Williams,2,Y
Lee Woodall,2,Y
Leighton Vander Esch,1,Y
Lem Barney,7,Y
Lemar Parrish,8,Y
Len Dawson,1,Y
Len Ford,4,Y
Len Hauss,5,Y
Len Rohde,1,Y
Lenny Lyles,1,Y
Lenny Moore,7,Y
Leo Elter,1,Y
Leo Nomellini,10,Y
Leo Sanford,2,Y
Leo Sugar,2,Y
Leon Clarke,1,Y
Leon Gray,4,Y
Leon Hart,1,Y
Leon Lett,2,Y
Leon McLaughlin,1,Y
Leon Searcy,1,Y
Leon Washington,2,Y
Leonard Davis,3,Y
Leonard Little,1,Y
Leonard Marshall,2,Y
Leonard Weaver,1,Y
Leonard Williams,1,Y
Leroy Hoard,1,Y
Leroy Kelly,6,Y
Les Bingaman,2,Y
Les Josephson,1,Y
Les Richter,8,Y
Leslie O'Neal,6,Y
Lester Hayes,5,Y
Levon Kirkland,2,Y
Lincoln Kennedy,3,Y
Lindon Crow,3,Y
Linval Joseph,2,Y
Lito Sheppard,2,Y
Lloyd Burruss,1,Y
Lofa Tatupu,3,Y
Logan Mankins,7,Y
Lomas Brown,7,Y
London Fletcher,4,Y
Lorenzo Alexander,2,Y
Lorenzo Neal,4,Y
Lorenzo White,1,Y
Lou Creekmur,8,Y
Lou Groza,9,Y
Lou Michaels,2,Y
Louie Kelcher,3,Y
Louis Lipps,2,Y
Louis Vasquez,1,Y
Louis Wright,5,Y
Luis Sharpe,3,Y
Luke Kuechly,6,Y
Luke Prestridge,1,Y
Lum Snyder,2,Y
Luther Elliss,2,Y
Lydell Mitchell,3,Y
Lyle Alzado,2,Y
Lynn Chandnois,2,Y
Lynn Swann,3,Y
Mac Speedie,2,Y
MacArthur Lane,1,Y
Mack Strong,2,Y
Malcolm Butler,1,Y
Malcolm Jenkins,3,Y
Malik Jackson,1,Y
Marc Bulger,2,Y
Marc Mariani,1,Y
Marcedes Lewis,1,Y
Marcel Reece,3,Y
Marcell Dareus,2,Y
Marcellus Wiley,1,Y
Marco Coleman,1,Y
Marco Rivera,3,Y
Marcus Allen,6,Y
Marcus McNeill,2,Y
Marcus Peters,2,Y
Marcus Stroud,3,Y
Marcus Trufant,1,Y
Marcus Washington,1,Y
Mario Williams,4,Y
Marion Barber,1,Y
Marion Butts,2,Y
Marion Campbell,2,Y
Marion Motley,1,Y
Mark Bavaro,2,Y
Mark Bortz,2,Y
Mark Brunell,3,Y
Mark Carrier,4,Y
Mark Chmura,3,Y
Mark Clayton,5,Y
Mark Duper,3,Y
Mark Fields,2,Y
Mark Gastineau,5,Y
Mark Haynes,3,Y
Mark Ingram,2,Y
Mark May,1,Y
Mark Moseley,2,Y
Mark Murphy,1,Y
Mark Rypien,2,Y
Mark Schlereth,2,Y
Mark Stepnoski,5,Y
Mark Tuinei,2,Y
Marlin Briscoe,1,Y
Marlin McKeever,1,Y
Marshal Yanda,7,Y
Marshall Faulk,7,Y
Marshawn Lynch,5,Y
Marshon Lattimore,1,Y
Martellus Bennett,1,Y
Martin Gramatica,1,Y
Marty Booker,1,Y
Marv Cook,2,Y
Marv Hubbard,3,Y
Marv Matuszak,2,Y
Marv Woodson,1,Y
Marvel Smith,1,Y
Marvin Harrison,8,Y
Marvin Powell,5,Y
Mat McBriar,2,Y
Matt Birk,6,Y
Matt Blair,6,Y
Matt Bryant,1,Y
Matt Cassel,1,Y
Matt Forte,2,Y
Matt Hasselbeck,3,Y
Matt Hazeltine,2,Y
Matt Kalil,1,Y
Matt Light,3,Y
Matt Millen,1,Y
Matt Overton,1,Y
Matt Prater,2,Y
Matt Ryan,4,Y
Matt Schaub,2,Y
Matt Stover,1,Y
Matt Turk,3,Y
Matthew Slater,7,Y
Matthew Stafford,1,Y
Maurice Jones-Drew,3,Y
Maurkice Pouncey,7,Y
Max McGee,1,Y
Max Montoya,4,Y
Max Unger,3,Y
Maxie Baughan,9,Y
Mel Blount,5,Y
Mel Farr,2,Y
Mel Gray,8,Y
Mel Renfro,10,Y
Melvin Gordon,2,Y
Melvin Ingram,2,Y
Mercury Morris,3,Y
Merlin Olsen,14,Y
Merton Hanks,4,Y
Micah Hyde,1,Y
Michael Bates,5,Y
Michael Bennett,4,Y
Michael Brooks,1,Y
Michael Carter,3,Y
Michael Dean Perry,6,Y
Michael Dickson,1,Y
Michael Griffin,2,Y
Michael Irvin,5,Y
Michael Lewis,2,Y
Michael McCrary,2,Y
Michael Robinson,1,Y
Michael Roos,1,Y
Michael Sinclair,3,Y
Michael Strahan,7,Y
Michael Thomas,3,Y
Michael Turner,2,Y
Michael Vick,4,Y
Mick Tingelhoff,6,Y
Mickey Shuler,2,Y
Mike Adams,2,Y
Mike Alstott,6,Y
Mike Barnes,1,Y
Mike Bartrum,1,Y
Mike Boryla,1,Y
Mike Brown,1,Y
Mike Clark,1,Y
Mike Cofer,1,Y
Mike Curtis,4,Y
Mike Daniels,1,Y
Mike Ditka,5,Y
Mike Evans,2,Y
Mike Flanagan,1,Y
Mike Haynes,9,Y
Mike Hollis,1,Y
Mike Horan,1,Y
Mike Iupati,4,Y
Mike Jarmoluk,1,Y
Mike Jenkins,1,Y
Mike Johnson,2,Y
Mike Kenn,5,Y
Mike Lucci,1,Y
Mike McCormack,6,Y
Mike Merriweather,3,Y
Mike Munchak,9,Y
Mike Nelms,3,Y
Mike Pouncey,4,Y
Mike Pruitt,2,Y
Mike Pyle,1,Y
Mike Quick,5,Y
Mike Reid,2,Y
Mike Reinfeldt,1,Y
Mike Rozier,2,Y
Mike Rucker,1,Y
Mike Sandusky,1,Y
Mike Schneck,1,Y
Mike Sellers,1,Y
Mike Singletary,10,Y
Mike Thomas,1,Y
Mike Tolbert,3,Y
Mike Vanderjagt,1,Y
Mike Vrabel,1,Y
Mike Wagner,2,Y
Mike Wahle,1,Y
Mike Wallace,1,Y
Mike Webster,9,Y
Miles Austin,2,Y
Milt Morin,2,Y
Milt Plum,2,Y
Milt Sunde,1,Y
Mitch Berger,2,Y
Mitchell Trubisky,1,Y
Mo Lewis,3,Y
Monte Jackson,2,Y
Montell Owens,2,Y
Morgan Cox,2,Y
Morten Andersen,7,Y
Mosi Tatupu,1,Y
Muhammad Wilkerson,1,Y
Muhsin Muhammad,2,Y
Myles Garrett,1,Y
Myron Pottios,3,Y
NaVorro Bowman,3,Y
Nat Moore,1,Y
Nate Clements,1,Y
Nate Kaeding,2,Y
Nate Newton,6,Y
Nate Odomes,2,Y
Nathan Vasher,1,Y
Natrone Means,1,Y
Ndamukong Suh,5,Y
Neal Anderson,4,Y
Neil Lomax,2,Y
Neil O'Donnell,1,Y
Neil Rackers,1,Y
Neil Smith,6,Y
Nick Buoniconti,2,Y
Nick Collins,3,Y
Nick Foles,1,Y
Nick Folk,1,Y
Nick Hardwick,1,Y
Nick Lowery,3,Y
Nick Mangold,7,Y
Nick Mike-Mayer,1,Y
Nick Pietrosante,2,Y
Night Train Lane,7,Y
Nnamdi Asomugha,3,Y
Nolan Cromwell,4,Y
Norm Bulaich,1,Y
Norm Evans,2,Y
Norm Johnson,2,Y
Norm Snead,4,Y
Norm Standlee,1,Y
Norm Van Brocklin,9,Y
Norm Willey,2,Y
O.J. Simpson,5,Y
Odell Beckham,3,Y
Olin Kreutz,6,Y
Olindo Mare,1,Y
Olivier Vernon,1,Y
Ollie Matson,6,Y
Ordell Braase,2,Y
Orlando Pace,7,Y
Osi Umenyiora,2,Y
Otis Armstrong,2,Y
Otis Sistrunk,1,Y
Otis Taylor,2,Y
Otis Wilson,1,Y
Ottis Anderson,2,Y
Otto Graham,5,Y
Otto Schnellbacher,2,Y
Ovie Mughelli,1,Y
Owen Daniels,2,Y
Ozzie Newsome,3,Y
Pat Donovan,4,Y
Pat Fischer,3,Y
Pat Haden,1,Y
Pat Harder,2,Y
Pat McAfee,2,Y
Pat McInally,1,Y
Pat Studstill,2,Y
Pat Swilling,5,Y
Pat Thomas,2,Y
Pat Tilley,1,Y
Pat Williams,3,Y
Patrick DiMarco,1,Y
Patrick Kerney,2,Y
Patrick Mahomes,1,Y
Patrick Peterson,8,Y
Patrick Surtain,3,Y
Patrick Willis,7,Y
Paul Coffman,3,Y
Paul Flatley,1,Y
Paul Hornung,2,Y
Paul Krause,8,Y
Paul Lipscomb,4,Y
Paul Miller,2,Y
Paul Naumoff,1,Y
Paul Posluszny,1,Y
Paul Smith,2,Y
Paul Soliai,1,Y
Paul Warfield,8,Y
Paul Wiggin,2,Y
Pepper Johnson,2,Y
Percy Harvin,1,Y
Pete Brewster,2,Y
Pete Johnson,1,Y
Pete Pihos,6,Y
Pete Retzlaff,5,Y
Peter Boulware,4,Y
Peyton Manning,14,Y
Pharoh Cooper,1,Y
Phil Dawson,1,Y
Phil Simms,2,Y
Phil Villapiano,4,Y
Philip Rivers,8,Y
Phillip Lindsay,1,Y
Pierce Holt,1,Y
Preston Carpenter,1,Y
Priest Holmes,3,Y
Quenton Nelson,1,Y
Quintin Mikell,1,Y
R.C. Thielemann,3,Y
Rafael Septien,1,Y
Ralf Mojsiejenko,1,Y
Ralph Neely,2,Y
Randall Cobb,1,Y
Randall Cunningham,4,Y
Randall McDaniel,12,Y
Randy Cross,3,Y
Randy Gradishar,7,Y
Randy Moss,6,Y
Randy Starks,2,Y
Randy White,9,Y
Rashean Mathis,1,Y
Ray Bray,2,Y
Ray Brown,1,Y
Ray Buchanan,1,Y
Ray Childress,5,Y
Ray Collins,1,Y
Ray Donaldson,6,Y
Ray Guy,7,Y
Ray Krouse,1,Y
Ray Lemek,1,Y
Ray Lewis,13,Y
Ray Mathews,2,Y
Ray Nitschke,1,Y
Ray Poole,1,Y
Ray Renfro,3,Y
Ray Rice,3,Y
Ray Wietecha,4,Y
Rayfield Wright,6,Y
Raymond Berry,6,Y
Raymond Chester,4,Y
Raymond Clayborn,3,Y
Red Phillips,3,Y
Reggie Nelson,2,Y
Reggie Roby,3,Y
Reggie Wayne,6,Y
Reggie White,13,Y
Renaldo Turnbull,1,Y
Reshad Jones,2,Y
Reyna Thompson,1,Y
Rich Camarillo,5,Y
Rich Caster,3,Y
Rich Gannon,4,Y
Rich Jackson,1,Y
Rich Saul,6,Y
Richard Dent,4,Y
Richard Seymour,7,Y
Richard Sherman,4,Y
Richie Anderson,1,Y
Richie Incognito,4,Y
Richie Petitbon,4,Y
Richmond Webb,7,Y
Rick Casares,5,Y
Rick Tuten,1,Y
Rick Upchurch,4,Y
Rick Volk,3,Y
Rickey Jackson,6,Y
Ricky Watters,5,Y
Ricky Williams,1,Y
Riley Odoms,4,Y
Rip Hawkins,1,Y
Rob Bironas,1,Y
Rob Burnett,1,Y
Rob Goode,2,Y
Rob Gronkowski,5,Y
Rob Moore,2,Y
Robbie Gould,1,Y
Robbie Tobeck,1,Y
Robert Brazile,7,Y
Robert Brown,1,Y
Robert Griffin,1,Y
Robert Griffith,1,Y
Robert James,3,Y
Robert Massey,1,Y
Robert Mathis,5,Y
Robert Porcher,3,Y
Robert Quinn,2,Y
Robert Smith,2,Y
Robin Cole,1,Y
Rocky Freitas,1,Y
Rod Breedlove,1,Y
Rod Martin,2,Y
Rod Perry,2,Y
Rod Smith,3,Y
Rod Woodson,11,Y
Roddy White,4,Y
Roderick Coleman,1,Y
Rodney Hampton,2,Y
Rodney Harrison,2,Y
Rodney Holman,3,Y
Rodney Hudson,2,Y
Roell Preston,1,Y
Roger Brown,6,Y
Roger Carr,1,Y
Roger Craig,4,Y
Roger Staubach,6,Y
Roger Wehrli,7,Y
Roger Zatkoff,3,Y
Rohn Stark,4,Y
Rolf Benirschke,1,Y
Rolland Lawrence,1,Y
Roman Gabriel,4,Y
Roman Harper,2,Y
Ron Brown,1,Y
Ron Jaworski,1,Y
Ron Jessie,1,Y
Ron Johnson,2,Y
Ron Kramer,1,Y
Ron Shanklin,1,Y
Ron Smith,1,Y
Ron Solt,1,Y
Ron Stone,3,Y
Ron Waller,1,Y
Ron Widby,1,Y
Ron Wolfley,4,Y
Ron Yary,7,Y
Ronde Barber,5,Y
Ronnie Brown,1,Y
Ronnie Harmon,1,Y
Ronnie Lott,10,Y
Roosevelt Nix,1,Y
Rosey Brown,9,Y
Rosey Grier,2,Y
Rosey Taylor,2,Y
Roy Foster,2,Y
Roy Gerela,2,Y
Roy Green,2,Y
Roy Jefferson,3,Y
Roy Williams,6,Y
Roynell Young,1,Y
Ruben Brown,9,Y
Rudi Johnson,1,Y
Rueben Mayes,2,Y
Rufus Porter,2,Y
Rulon Jones,2,Y
Russ Craft,2,Y
Russ Francis,3,Y
Russ Grimm,4,Y
Russ Washington,5,Y
Russell Maryland,1,Y
Russell Okung,2,Y
Russell Wilson,5,Y
Ryan Clady,4,Y
Ryan Clark,1,Y
Ryan Kalil,5,Y
Ryan Kerrigan,4,Y
Ryan Mathews,1,Y
Ryan McNeil,1,Y
Ryan Pontbriand,2,Y
Ryan Shazier,2,Y
Sam Adams,3,Y
Sam Baker,4,Y
Sam Cowart,1,Y
Sam Cunningham,1,Y
Sam Gash,2,Y
Sam Huff,5,Y
Sam Koch,1,Y
Sam Madison,4,Y
Sam Mills,5,Y
Sam Shields,1,Y
Sam Silas,1,Y
Samari Rolle,1,Y
Sammy Baugh,1,Y
Sammy Knight,1,Y
Sammy White,2,Y
Sammy Winder,2,Y
Santana Moss,1,Y
Saquon Barkley,1,Y
Scott Case,1,Y
Scott Norwood,1,Y
Scott Player,1,Y
Scott Studwell,2,Y
Scott Wells,1,Y
Sean Gilbert,1,Y
Sean Jones,1,Y
Sean Landeta,2,Y
Sean Lee,2,Y
Sean Morey,1,Y
Sean Taylor,2,Y
Sebastian Janikowski,1,Y
Seth Joyner,3,Y
Shane Conlan,3,Y
Shane Lechler,7,Y
Shannon Sharpe,8,Y
Shaun Alexander,3,Y
Shaun Ellis,2,Y
Shaun Gayle,1,Y
Shaun O'Hara,3,Y
Shaun Phillips,1,Y
Shaun Rogers,3,Y
Shawn Andrews,2,Y
Shawn Springs,1,Y
Shawne Merriman,3,Y
Shayne Graham,1,Y
Sheldon Richardson,1,Y
Shelton Quarles,1,Y
Sidney Rice,1,Y
Simeon Rice,3,Y
Skeets Quinlan,1,Y
Sonny Jurgensen,5,Y
Sonny Randle,4,Y
Spec Sanders,1,Y
Speedy Duncan,1,Y
Spider Lockhart,2,Y
Stan Jones,7,Y
Stan Walters,2,Y
Stan West,2,Y
Stanley Morgan,4,Y
Stephen Alexander,1,Y
Stephen Boyd,2,Y
Stephen Davis,3,Y
Stephen Gostkowski,4,Y
Stephon Gilmore,2,Y
Sterling Sharpe,5,Y
Steve Atwater,8,Y
Steve Bartkowski,2,Y
Steve Beuerlein,1,Y
Steve Bono,1,Y
Steve Hutchinson,7,Y
Steve Jordan,6,Y
Steve Largent,7,Y
Steve McMichael,2,Y
Steve McNair,3,Y
Steve Nelson,3,Y
Steve Odom,1,Y
Steve Owens,1,Y
Steve Smith,6,Y
Steve Tasker,7,Y
Steve Wallace,1,Y
Steve Watson,1,Y
Steve Wisniewski,8,Y
Steve Young,7,Y
Steven Jackson,3,Y
T.J. Houshmandzadeh,1,Y
T.J. Lang,2,Y
T.J. Ward,2,Y
T.J. Watt,1,Y
T.Y. Hilton,4,Y
Takeo Spikes,2,Y
Tamba Hali,5,Y
Tank Younger,4,Y
Tarik Cohen,1,Y
Tarik Glenn,3,Y
Tashaun Gipson,1,Y
Taylor Lewan,3,Y
Ted Connolly,1,Y
Ted Dean,1,Y
Ted Hendricks,8,Y
Ted Kwalick,3,Y
Ted Washington,4,Y
Teddy Bridgewater,1,Y
Tedy Bruschi,1,Y
Telvin Smith,1,Y
Terance Mathis,1,Y
Terdell Middleton,1,Y
Terence Newman,2,Y
Terrell Davis,3,Y
Terrell Owens,6,Y
Terrell Suggs,7,Y
Terrence McGee,1,Y
Terron Armstead,1,Y
Terry Allen,1,Y
Terry Barr,2,Y
Terry Bradshaw,3,Y
Terry Glenn,1,Y
Terry Kinard,1,Y
Terry McDaniel,5,Y
Terry Metcalf,3,Y
Tex Coulter,2,Y
Thom Darden,1,Y
Thomas Davis,3,Y
Thomas DeCoud,1,Y
Thomas Everett,1,Y
Thomas Henderson,1,Y
Thomas Jones,1,Y
Thomas Morstead,1,Y
Thurman McGraw,1,Y
Thurman Thomas,5,Y
Tiki Barber,3,Y
Tim Bowens,2,Y
Tim Brown,9,Y
Tim Foley,1,Y
Tim Fox,1,Y
Tim Grunhard,1,Y
Tim Harris,1,Y
Tim Jennings,2,Y
Tim Krumrie,2,Y
Tim McDonald,6,Y
Tim Rossovich,1,Y
Tim Ruddy,1,Y
Timmy Brown,3,Y
Tobin Rote,1,Y
Todd Bell,1,Y
Todd Christensen,5,Y
Todd Gurley,3,Y
Todd Heap,2,Y
Todd Lyght,1,Y
Todd Sauerbrun,3,Y
Todd Scott,1,Y
Todd Steussie,2,Y
Tom Banks,4,Y
Tom Brady,14,Y
Tom Brookshier,2,Y
Tom DeLeone,2,Y
Tom Dempsey,1,Y
Tom Fears,1,Y
Tom Jackson,3,Y
Tom Keane,1,Y
Tom Landry,1,Y
Tom Mack,11,Y
Tom Matte,2,Y
Tom Moore,1,Y
Tom Myers,1,Y
Tom Nalen,5,Y
Tom Newberry,2,Y
Tom Scott,2,Y
Tom Skladany,1,Y
Tom Tracy,2,Y
Tom Tupa,1,Y
Tom Wham,1,Y
Tom Wittum,2,Y
Tom Woodeshick,1,Y
Tommie Harris,3,Y
Tommy Casanova,3,Y
Tommy Davis,2,Y
Tommy Hart,1,Y
Tommy James,1,Y
Tommy Kramer,1,Y
Tommy Mason,3,Y
Tommy McDonald,6,Y
Tommy Nobis,5,Y
Tommy O'Connell,1,Y
Tommy Wilson,1,Y
Toni Fritsch,1,Y
Toni Linhart,2,Y
Tony Adamle,2,Y
Tony Baker,1,Y
Tony Boselli,5,Y
Tony Brackens,1,Y
Tony Collins,1,Y
Tony Dorsett,4,Y
Tony Franklin,1,Y
Tony Gonzalez,14,Y
Tony Green,1,Y
Tony Greene,1,Y
Tony Hill,3,Y
Tony Jones,1,Y
Tony Martin,1,Y
Tony Mayberry,3,Y
Tony Peters,1,Y
Tony Richardson,3,Y
Tony Romo,4,Y
Tony Tolbert,1,Y
Too Tall Jones,3,Y
Torry Holt,7,Y
Tory James,1,Y
Tra Thomas,3,Y
Trace Armstrong,1,Y
Trai Turner,4,Y
Tramon Williams,1,Y
Travis Frederick,4,Y
Travis Henry,1,Y
Travis Jervey,1,Y
Travis Kelce,4,Y
Tre' Johnson,1,Y
Tremain Mack,1,Y
Trent Cole,2,Y
Trent Dilfer,1,Y
Trent Green,2,Y
Trent Williams,7,Y
Trevor Pryce,4,Y
Troy Aikman,6,Y
Troy Brown,1,Y
Troy Polamalu,8,Y
Troy Vincent,5,Y
Tucker Frederickson,1,Y
Tunch Ilkin,2,Y
Ty Law,5,Y
Tyler Eifert,1,Y
Tyler Lockett,1,Y
Tyrann Mathieu,1,Y
Tyreek Hill,3,Y
Tyrod Taylor,1,Y
Tyron Smith,6,Y
Tyrone Braxton,1,Y
Tyrone Hughes,1,Y
Tyson Clabo,1,Y
Vai Sikahema,2,Y
Vann McElroy,2,Y
Vaughan Johnson,4,Y
Vernon Davis,2,Y
Vic Beasley,1,Y
Vic Washington,1,Y
Victor Cruz,1,Y
Vince Promuto,2,Y
Vince Wilfork,5,Y
Vince Young,2,Y
Vincent Jackson,3,Y
Vinny Testaverde,2,Y
Visco Grgich,1,Y
Volney Peters,1,Y
Von Miller,7,Y
Vonta Leach,3,Y
Vontae Davis,2,Y
Vontaze Burfict,1,Y
Wade Smith,1,Y
Wade Wilson,1,Y
Wally Chambers,3,Y
Wally Henry,1,Y
Walt Barnes,1,Y
Walt Garrison,1,Y
Walt Harris,1,Y
Walt Michaels,5,Y
Walt Rock,1,Y
Walt Sweeney,3,Y
Walter Johnson,3,Y
Walter Jones,9,Y
Walter Payton,9,Y
Warren Lahr,1,Y
Warren Moon,9,Y
Warren Sapp,7,Y
Warren Wells,1,Y
Warrick Dunn,3,Y
Wayne Haddix,1,Y
Wayne Martin,1,Y
Wayne Moore,1,Y
Wayne Robinson,2,Y
Wayne Walker,3,Y
Webster Slaughter,2,Y
Weldon Humble,1,Y
Wendell Tyler,1,Y
Wes Chandler,4,Y
Wes Hopkins,1,Y
Wes Welker,5,Y
Wesley Walker,2,Y
Wesley Walls,5,Y
Wilber Marshall,3,Y
Wilbert Montgomery,2,Y
Will Sherman,2,Y
Will Shields,12,Y
Will Smith,1,Y
Will Wolford,3,Y
William Andrews,4,Y
William Fuller,4,Y
William Henderson,1,Y
William Moore,1,Y
William Roberts,1,Y
William Thomas,2,Y
Willie Anderson,4,Y
Willie Brown,4,Y
Willie Buchanon,2,Y
Willie Davis,5,Y
Willie Ellison,1,Y
Willie Galimore,1,Y
Willie Lanier,6,Y
Willie McGinest,2,Y
Willie Parker,2,Y
Willie Richardson,2,Y
Willie Roaf,11,Y
Willie Williams,1,Y
Willie Wood,8,Y
Willis McGahee,2,Y
Winfred Tubbs,1,Y
Winston Hill,4,Y
Woodley Lewis,1,Y
Woody Peoples,2,Y
Xavien Howard,1,Y
Xavier Rhodes,2,Y
Y.A. Tittle,7,Y
Yale Lary,9,Y
Yancey Thigpen,2,Y
Yannick Ngakoue,1,Y
Yeremiah Bell,1,Y
Zach Brown,1,Y
Zach Ertz,2,Y
Zach Miller,1,Y
Zach Thomas,7,Y
Zack Martin,5,Y
Zak DeOssie,2,Y
Zane Beadles,1,Y
Zeke Moore,1,Y
Zollie Toth,1,Y
